{
    "faces":[43,0,1,2,3,0,0,1,2,3,0,0,0,0,43,4,7,19,18,0,0,3,3,0,1,1,1,1,43,0,4,5,1,0,0,1,2,3,2,2,2,2,43,1,5,6,2,0,0,1,2,3,3,3,3,3,43,2,6,7,3,0,0,1,2,3,4,4,4,4,43,4,0,3,7,0,0,1,2,3,5,5,5,5,43,5,4,8,9,1,4,4,4,4,6,6,6,6,43,12,13,17,16,1,5,6,7,8,7,7,7,7,43,6,5,11,13,2,9,10,11,12,8,8,8,8,43,5,4,10,11,2,13,14,15,16,9,9,9,9,43,7,6,13,12,2,17,18,19,20,10,10,10,10,43,14,16,17,15,1,21,22,23,24,11,11,11,11,43,10,12,16,14,1,25,26,27,21,12,12,12,12,43,13,11,15,17,1,28,29,30,26,13,13,13,13,43,11,10,14,15,1,31,32,33,34,14,14,14,14,43,18,19,23,22,0,0,3,3,0,15,15,15,15,43,10,4,18,20,2,15,14,14,15,16,16,16,16,43,12,10,20,21,1,26,25,25,26,17,17,17,17,43,7,12,21,19,2,17,20,20,17,18,18,18,18,43,22,23,25,24,2,35,36,37,38,19,19,19,19,43,20,18,22,24,2,15,14,14,15,20,20,20,20,43,21,20,24,25,1,26,25,25,26,21,21,21,21,43,19,21,25,23,2,17,20,20,17,22,22,22,22],
    "metadata":{
        "faces":23,
        "generator":"io_three",
        "bones":0,
        "version":3,
        "vertices":26,
        "materials":3,
        "colors":0,
        "uvs":1,
        "morphTargets":0,
        "normals":23,
        "type":"Geometry"
    },
    "vertices":[0.888889,-2.55192,-1,0.888889,-2.55192,1,-1.11111,-2.55192,1,-1.11111,-2.55192,-1,0.888889,-0.551924,-1,0.888888,-0.551924,1,-1.11111,-0.551924,0.999999,-1.11111,-0.551924,-1,0.888889,-0.551924,-1,0.888888,-0.551924,1,0.888889,1.08418,-1,0.888888,1.08418,1,-1.11111,1.08418,-1,-1.11111,1.08418,0.999999,0.46698,2.29562,-0.578091,0.46698,2.29562,0.578092,-0.689202,2.29562,-0.578091,-0.689203,2.29562,0.578091,0.313218,-0.080994,-2.09611,-0.535439,-0.080994,-2.09611,0.313218,0.613254,-2.09611,-0.535439,0.613254,-2.09611,0.313218,-0.080994,-3.14465,-0.535439,-0.080994,-3.14465,0.313218,0.613254,-3.14465,-0.535439,0.613254,-3.14465],
    "uvs":[[0.269551,-0.168501,1.1685,0.269551,0.730449,1.1685,-0.168501,0.730449,-0.154738,0.232945,1.34408,0.244707,1.04969,0.794394,0.748565,0.633123,1.04296,0.083436,0.875418,0.830244,0.545175,1.20566,0.169756,0.875419,0.5,0.5,0.830244,0.124581,0.5,0.5,0.124582,0.169756,0.454825,-0.205662,0.5,0.5,0.169756,0.875418,-0.205662,0.545175,0.124581,0.169756,0.741837,-0.077835,0.447443,0.471852,-0.049687,0.205606,0.244707,-0.344081,1.04296,0.083436,0.748565,0.633123,0.447443,0.471852,1.04969,0.794394,0.755293,1.34408,0.454171,1.18281,0.251435,0.366877,-0.042959,0.916564,-0.344081,0.755293,-0.049687,0.205606,1.20566,0.454825,0.875419,0.830244,0.5,0.5,0.830244,0.124582]],
    "colors":[],
    "skinWeights":[],
    "morphTargets":[],
    "name":"playerGeometry",
    "normals":[0,0,1,0,-0.394746,0.91879,1,0,-0,-0,1,0,-1,-0,0,0,-1,-0,0,0,-0,-0.944367,-0,-0.328895,-1e-06,1,-0,1,1e-06,-0,-1,-0,-0,0,0,-1,0,-0.944367,-0.328895,-1e-06,0.944367,-0.328895,0.944367,1e-06,-0.328895,0,0,1,0.885327,-0.464968,0,0,-0.394746,-0.91879,-0.885327,-0.464968,-0,0,-1,0,1,-0,-0,0,-0,-1,-1,0,-0],
    "materials":[{
        "mapDiffuseWrap":["RepeatWrapping","RepeatWrapping"],
        "blending":"NormalBlending",
        "mapDiffuse":"player3.jpg",
        "shading":"phong",
        "DbgName":"player3",
        "mapDiffuseAnisotropy":1,
        "colorEmissive":[0,0,0],
        "wireframe":false,
        "DbgIndex":2,
        "mapDiffuseRepeat":[1,1],
        "vertexColors":false,
        "visible":true,
        "transparent":false,
        "depthWrite":true,
        "specularCoef":50,
        "DbgColor":60928,
        "colorDiffuse":[0.64,0.64,0.64],
        "colorSpecular":[0.5,0.5,0.5],
        "opacity":1,
        "depthTest":true
    },{
        "mapDiffuseWrap":["RepeatWrapping","RepeatWrapping"],
        "blending":"NormalBlending",
        "mapDiffuse":"Player1.jpg",
        "shading":"phong",
        "DbgName":"player1",
        "mapDiffuseAnisotropy":1,
        "colorEmissive":[0,0,0],
        "wireframe":false,
        "DbgIndex":0,
        "mapDiffuseRepeat":[1,1],
        "vertexColors":false,
        "visible":true,
        "transparent":false,
        "depthWrite":true,
        "specularCoef":50,
        "DbgColor":15658734,
        "colorDiffuse":[0.64,0.64,0.64],
        "colorSpecular":[0.5,0.5,0.5],
        "opacity":1,
        "depthTest":true
    },{
        "mapDiffuseWrap":["RepeatWrapping","RepeatWrapping"],
        "blending":"NormalBlending",
        "mapDiffuse":"player2.jpg",
        "shading":"phong",
        "DbgName":"player2",
        "mapDiffuseAnisotropy":1,
        "colorEmissive":[0,0,0],
        "wireframe":false,
        "DbgIndex":1,
        "mapDiffuseRepeat":[1,1],
        "vertexColors":false,
        "visible":true,
        "transparent":false,
        "depthWrite":true,
        "specularCoef":50,
        "DbgColor":15597568,
        "colorDiffuse":[0.64,0.64,0.64],
        "colorSpecular":[0.5,0.5,0.5],
        "opacity":1,
        "depthTest":true
    }],
    "influencesPerVertex":2,
    "skinIndices":[],
    "bones":[]
}