{
    "bones":[],
    "skinIndices":[],
    "normals":[0,0,1,0,-1,0,1,0,-0,-0,1,0,-1,-0,0,0,-1,-0,0,0,-0,-1,-0,0,-0,1,-0,1,1e-06,-0,-1,-0,0,0,0,-1,0,-1,0,-0,1,-0,1,1e-06,-0],
    "metadata":{
        "version":3,
        "faces":15,
        "morphTargets":0,
        "vertices":18,
        "bones":0,
        "normals":15,
        "type":"Geometry",
        "uvs":1,
        "generator":"io_three"
    },
    "name":"playerGeometry",
    "morphTargets":[],
    "uvs":[[0.269551,-0.168501,1.1685,0.269551,0.730449,1.1685,-0.168501,0.730449,1.20566,0.454825,0.875419,0.830244,0.5,0.5,0.830244,0.124582,-0.154738,0.232945,1.34408,0.244707,1.04969,0.794394,0.748565,0.633123,1.04296,0.083436,0.875418,0.830244,0.545175,1.20566,0.169756,0.875419,0.5,0.5,0.830244,0.124581,0.5,0.5,0.124582,0.169756,0.454825,-0.205662,0.5,0.5,0.169756,0.875418,-0.205662,0.545175,0.124581,0.169756,0.741837,-0.077835,0.447443,0.471852,-0.049687,0.205606,0.244707,-0.344081,1.04296,0.083436,0.748565,0.633123,0.447443,0.471852,1.04969,0.794394,0.755293,1.34408,0.454171,1.18281,0.251435,0.366877,-0.042959,0.916564,-0.344081,0.755293,-0.049687,0.205606]],
    "faces":[41,0,1,2,3,0,1,2,3,0,0,0,0,41,4,7,12,10,4,5,6,7,1,1,1,1,41,0,4,5,1,0,1,2,3,2,2,2,2,41,1,5,6,2,0,1,2,3,3,3,3,3,41,2,6,7,3,0,1,2,3,4,4,4,4,41,4,0,3,7,0,1,2,3,5,5,5,5,41,5,4,8,9,8,8,8,8,6,6,6,6,41,12,13,17,16,9,10,11,12,7,7,7,7,41,6,5,11,13,13,14,15,16,8,8,8,8,41,5,4,10,11,17,18,19,20,9,9,9,9,41,7,6,13,12,21,22,23,24,10,10,10,10,41,14,16,17,15,25,26,27,28,11,11,11,11,41,10,12,16,14,29,30,31,25,12,12,12,12,41,13,11,15,17,32,33,34,30,13,13,13,13,41,11,10,14,15,35,36,37,38,14,14,14,14],
    "influencesPerVertex":2,
    "vertices":[1,0.019364,-1,1,0.019364,1,-1,0.019364,1,-1,0.019364,-1,1,2.01936,-1,0.999999,2.01936,1,-1,2.01936,1,-1,2.01936,-1,1,2.01936,-1,0.999999,2.01936,1,1,3.65547,-1,0.999999,3.65547,1,-1,3.65547,-1,-1,3.65547,0.999999,1,4.86691,-1,0.999999,4.86691,1,-1,4.86691,-1,-1,4.86691,0.999999],
    "skinWeights":[]
}